reading,time_ms,temp_c,depth_m,F1_415,F2_445,F3_480,F4_515,F5_555,F6_590,F7_630,F8_680,clear,NIR
1,0,0.17,25.191,0,0,0,0,0,0,0,0,0,0
1,116,0.17,25.191,7,401,11,11,5,6,7,5,601,6
1,232,0.17,25.191,24,803,15,12,20,16,14,13,1204,10
1,348,0.17,25.191,56,1205,58,21,32,17,20,18,1807,21
1,464,0.17,25.191,42,1607,40,25,41,19,22,21,2410,18
1,580,0.17,25.191,44,2008,69,47,23,35,35,34,3012,25
1,696,0.17,25.191,57,2410,67,25,33,31,33,33,3615,36
1,812,0.17,25.191,64,2812,139,56,80,41,34,49,4218,31
1,928,0.17,25.191,148,3214,94,75,55,61,41,38,4821,59
1,1044,0.17,25.191,37,3615,71,57,108,56,44,64,5422,45
1,1160,0.17,25.191,74,4017,157,67,55,65,63,47,6025,57
2,300000,0.98,44.709,0,0,0,0,0,0,0,0,0,0
2,300116,0.98,44.709,17,410,6,11,11,5,5,35,615,5
2,300232,0.98,44.709,26,820,27,22,8,13,11,73,1230,11
2,300348,0.98,44.709,29,1231,51,34,31,12,14,121,1846,18
2,300464,0.98,44.709,26,1641,80,20,37,20,27,141,2461,24
2,300580,0.98,44.709,45,2051,67,46,53,32,24,180,3076,22
2,300696,0.98,44.709,122,2462,39,35,38,36,33,210,3693,26
2,300812,0.98,44.709,126,2872,32,32,35,30,44,247,4308,29
2,300928,0.98,44.709,116,3283,46,52,79,37,44,291,4924,39
2,301044,0.98,44.709,170,3693,59,69,83,53,40,334,5539,69
2,301160,0.98,44.709,181,4103,132,53,86,66,78,401,6154,60
3,600000,0.79,48.925,0,0,0,0,0,0,0,0,0,0
3,600116,0.79,48.925,16,415,11,6,8,7,8,38,622,6
3,600232,0.79,48.925,40,831,16,20,14,14,13,82,1246,9
3,600348,0.79,48.925,35,1247,59,14,25,24,17,119,1870,18
3,600464,0.79,48.925,67,1662,65,32,44,17,24,146,2493,29
3,600580,0.79,48.925,57,2078,39,36,35,23,35,193,3117,23
3,600696,0.79,48.925,51,2494,64,31,54,35,40,246,3741,44
3,600812,0.79,48.925,128,2909,130,29,84,42,30,264,4363,49
3,600928,0.79,48.925,56,3325,111,44,34,46,34,312,4987,49
3,601044,0.79,48.925,99,3741,122,72,53,41,70,345,5611,57
3,601160,0.79,48.925,122,4156,44,97,83,59,74,371,6234,82
4,900000,1.35,5.667,0,0,0,0,0,0,0,0,0,0
4,900116,1.35,5.667,13,436,4,11,12,6,6,6,654,5
4,900232,1.35,5.667,30,872,30,24,10,9,10,10,1308,11
4,900348,1.35,5.667,33,1308,21,20,38,19,18,19,1962,15
4,900464,1.35,5.667,32,1744,81,46,29,27,31,25,2616,30
4,900580,1.35,5.667,29,2180,40,43,30,32,40,32,3270,26
4,900696,1.35,5.667,115,2616,67,45,57,31,39,43,3924,29
4,900812,1.35,5.667,43,3052,78,67,44,47,47,48,4578,55
4,900928,1.35,5.667,77,3488,166,51,95,37,42,50,5232,37
4,901044,1.35,5.667,77,3924,89,64,67,47,54,40,5886,73
4,901160,1.35,5.667,94,4360,110,107,100,61,46,64,6540,83
5,1200000,-1.5,9.397,0,0,0,0,0,0,0,0,0,0
5,1200116,-1.5,9.397,18,419,7,9,5,4,7,5,628,5
5,1200232,-1.5,9.397,15,839,25,22,21,10,14,9,1258,14
5,1200348,-1.5,9.397,14,1259,14,29,20,21,21,18,1888,18
5,1200464,-1.5,9.397,52,1678,54,36,21,18,17,27,2517,20
5,1200580,-1.5,9.397,59,2098,95,36,40,37,38,30,3147,32
5,1200696,-1.5,9.397,61,2518,117,49,68,31,39,43,3777,30
5,1200812,-1.5,9.397,125,2937,112,67,86,38,30,57,4405,34
5,1200928,-1.5,9.397,136,3357,76,84,55,37,36,38,5035,62
5,1201044,-1.5,9.397,109,3777,89,85,107,55,71,44,5665,51
5,1201160,-1.5,9.397,185,4197,119,52,98,55,68,70,6295,54
6,1500000,0.77,0.114,0,0,0,0,0,0,0,0,0,0
6,1500116,0.77,0.114,17,378,18,6,4,5,6,4,567,6
6,1500232,0.77,0.114,36,757,33,15,17,9,9,11,1135,15
6,1500348,0.77,0.114,55,1136,50,16,22,19,13,16,1704,13
6,1500464,0.77,0.114,72,1515,66,44,19,22,27,25,2272,19
6,1500580,0.77,0.114,84,1894,78,33,21,24,26,21,2841,36
6,1500696,0.77,0.114,109,2273,101,44,36,30,28,26,3409,25
6,1500812,0.77,0.114,131,2652,111,41,76,33,34,29,3978,43
6,1500928,0.77,0.114,144,3031,122,53,64,52,53,58,4546,45
6,1501044,0.77,0.114,162,3410,157,45,78,48,57,43,5115,65
6,1501160,0.77,0.114,154,3789,164,54,92,71,43,57,5683,58
7,1800000,-0.14,45.676,0,0,0,0,0,0,0,0,0,0
7,1800116,-0.14,45.676,16,397,19,4,4,4,6,6,595,6
7,1800232,-0.14,45.676,32,794,32,11,9,14,15,10,1191,13
7,1800348,-0.14,45.676,53,1191,55,13,13,21,20,12,1786,23
7,1800464,-0.14,45.676,66,1588,69,25,39,26,20,18,2382,27
7,1800580,-0.14,45.676,96,1986,92,33,40,24,22,35,2979,30
7,1800696,-0.14,45.676,103,2383,110,50,56,28,31,44,3574,26
7,1800812,-0.14,45.676,131,2780,129,48,30,52,36,36,4170,47
7,1800928,-0.14,45.676,157,3177,135,58,89,51,43,50,4765,54
7,1801044,-0.14,45.676,150,3575,175,95,78,65,40,50,5362,42
7,1801160,-0.14,45.676,187,3972,196,85,39,76,53,40,5958,45
8,2100000,-0.94,3.285,0,0,0,0,0,0,0,0,0,0
8,2100116,-0.94,3.285,4,355,10,10,5,5,4,33,532,4
8,2100232,-0.94,3.285,19,711,25,18,12,7,14,63,1066,9
8,2100348,-0.94,3.285,35,1067,47,24,29,12,16,102,1600,14
8,2100464,-0.94,3.285,27,1423,15,15,40,23,14,121,2134,16
8,2100580,-0.94,3.285,29,1778,63,50,31,27,34,169,2667,24
8,2100696,-0.94,3.285,83,2134,81,32,57,41,31,208,3201,27
8,2100812,-0.94,3.285,61,2490,47,39,50,42,39,240,3735,42
8,2100928,-0.94,3.285,69,2846,126,55,61,36,56,243,4269,45
8,2101044,-0.94,3.285,83,3201,137,49,80,49,54,301,4801,54
8,2101160,-0.94,3.285,103,3557,59,38,85,56,58,331,5335,49
9,2400000,1.94,5.404,0,0,0,0,0,0,0,0,0,0
9,2400116,1.94,5.404,4,412,14,12,8,7,5,39,618,7
9,2400232,1.94,5.404,32,825,26,18,21,9,9,73,1237,10
9,2400348,1.94,5.404,54,1238,43,15,33,14,12,108,1857,22
9,2400464,1.94,5.404,40,1650,65,38,33,30,21,148,2475,32
9,2400580,1.94,5.404,43,2063,75,57,29,22,22,195,3094,31
9,2400696,1.94,5.404,84,2476,72,44,61,47,28,218,3714,34
9,2400812,1.94,5.404,44,2889,37,41,81,37,32,285,4333,43
9,2400928,1.94,5.404,88,3301,79,86,92,36,60,292,4951,35
9,2401044,1.94,5.404,90,3714,68,71,89,37,40,316,5571,53
9,2401160,1.94,5.404,65,4127,109,45,103,49,54,360,6190,72
10,2700000,-0.86,23.314,0,0,0,0,0,0,0,0,0,0
10,2700116,-0.86,23.314,17,401,11,8,5,5,5,7,601,4
10,2700232,-0.86,23.314,30,802,25,17,14,8,11,10,1203,10
10,2700348,-0.86,23.314,50,1204,58,23,30,20,22,16,1806,20
10,2700464,-0.86,23.314,32,1605,31,44,23,23,21,23,2407,21
10,2700580,-0.86,23.314,84,2007,98,30,39,35,37,28,3010,31
10,2700696,-0.86,23.314,46,2408,81,39,56,33,29,30,3612,44
10,2700812,-0.86,23.314,48,2810,125,79,56,48,45,40,4215,49
10,2700928,-0.86,23.314,35,3211,144,41,49,53,52,61,4816,57
10,2701044,-0.86,23.314,78,3613,164,100,69,51,65,41,5419,43
10,2701160,-0.86,23.314,55,4014,54,46,63,40,45,66,6021,73
11,3000000,-0.59,26.25,0,0,0,0,0,0,0,0,0,0
11,3000116,-0.59,26.25,16,385,19,6,9,7,5,6,577,7
11,3000232,-0.59,26.25,35,770,36,12,13,12,14,8,1155,9
11,3000348,-0.59,26.25,50,1156,56,17,19,15,19,12,1734,20
11,3000464,-0.59,26.25,73,1541,74,44,40,30,16,24,2311,25
11,3000580,-0.59,26.25,84,1927,79,50,26,33,25,38,2890,19
11,3000696,-0.59,26.25,98,2312,103,24,37,45,39,33,3468,36
11,3000812,-0.59,26.25,122,2697,111,75,62,45,27,31,4045,51
11,3000928,-0.59,26.25,136,3083,143,70,40,36,55,56,4624,41
11,3001044,-0.59,26.25,166,3468,146,39,102,65,51,40,5202,50
11,3001160,-0.59,26.25,179,3854,190,59,112,47,66,70,5781,69
12,3300000,0.35,4.137,0,0,0,0,0,0,0,0,0,0
12,3300116,0.35,4.137,11,399,8,7,19,19,5,5,598,7
12,3300232,0.35,4.137,19,799,8,19,35,33,13,10,1198,13
12,3300348,0.35,4.137,14,1199,32,24,58,59,15,15,1798,18
12,3300464,0.35,4.137,51,1599,49,21,70,70,23,27,2398,26
12,3300580,0.35,4.137,67,1999,58,27,98,88,36,35,2998,33
12,3300696,0.35,4.137,105,2399,99,41,109,97,38,24,3598,33
12,3300812,0.35,4.137,36,2798,63,65,127,137,39,52,4197,31
12,3300928,0.35,4.137,89,3198,41,78,155,137,60,61,4797,54
12,3301044,0.35,4.137,105,3598,60,98,165,145,53,38,5397,66
12,3301160,0.35,4.137,81,3998,51,94,193,172,66,53,5997,70
13,3600000,0.94,18.62,0,0,0,0,0,0,0,0,0,0
13,3600116,0.94,18.62,13,446,14,7,21,17,4,4,669,7
13,3600232,0.94,18.62,43,893,30,14,41,39,9,16,1339,11
13,3600348,0.94,18.62,65,1339,46,38,59,65,20,18,2008,19
13,3600464,0.94,18.62,61,1786,19,43,71,78,20,28,2679,25
13,3600580,0.94,18.62,107,2232,78,22,90,94,29,34,3348,41
13,3600696,0.94,18.62,104,2679,121,31,128,121,50,47,4018,45
13,3600812,0.94,18.62,101,3125,97,32,133,135,47,38,4687,36
13,3600928,0.94,18.62,148,3572,86,83,163,149,45,41,5358,66
13,3601044,0.94,18.62,76,4018,47,79,182,185,65,65,6027,43
13,3601160,0.94,18.62,193,4465,143,92,222,192,83,68,6697,57
14,3900000,0.25,8.093,0,0,0,0,0,0,0,0,0,0
14,3900116,0.25,8.093,8,423,19,11,5,7,5,37,634,7
14,3900232,0.25,8.093,20,847,20,19,20,13,12,81,1270,12
14,3900348,0.25,8.093,59,1271,22,24,27,17,14,112,1906,16
14,3900464,0.25,8.093,75,1695,36,26,48,26,31,169,2542,17
14,3900580,0.25,8.093,71,2119,34,28,44,28,41,193,3178,40
14,3900696,0.25,8.093,95,2543,45,31,45,39,25,253,3814,44
14,3900812,0.25,8.093,87,2967,121,46,75,29,58,258,4450,51
14,3900928,0.25,8.093,94,3390,138,67,54,66,63,319,5085,39
14,3901044,0.25,8.093,66,3814,92,50,61,57,69,339,5721,61
14,3901160,0.25,8.093,97,4238,51,53,83,76,64,379,6357,45
15,4200000,0.81,13.946,0,0,0,0,0,0,0,0,0,0
15,4200116,0.81,13.946,10,387,18,4,4,4,5,33,580,5
15,4200232,0.81,13.946,32,774,11,19,17,14,13,66,1161,11
15,4200348,0.81,13.946,25,1161,34,32,18,11,18,110,1741,20
15,4200464,0.81,13.946,18,1548,44,43,41,18,20,147,2322,26
15,4200580,0.81,13.946,77,1935,25,44,37,24,25,173,2902,19
15,4200696,0.81,13.946,72,2322,61,65,57,27,36,207,3483,30
15,4200812,0.81,13.946,104,2709,58,67,58,32,29,269,4063,38
15,4200928,0.81,13.946,88,3096,145,61,35,39,37,299,4644,44
15,4201044,0.81,13.946,114,3484,143,48,55,58,68,337,5226,38
15,4201160,0.81,13.946,119,3871,169,64,110,64,55,379,5806,71
16,4500000,0.87,46.607,0,0,0,0,0,0,0,0,0,0
16,4500116,0.87,46.607,8,370,13,8,11,5,3,6,555,5
16,4500232,0.87,46.607,31,741,13,16,17,10,12,14,1111,11
16,4500348,0.87,46.607,43,1112,48,19,31,13,18,19,1668,15
16,4500464,0.87,46.607,60,1483,65,19,25,23,25,16,2224,25
16,4500580,0.87,46.607,73,1854,70,34,20,26,34,32,2781,28
16,4500696,0.87,46.607,40,2225,110,23,43,25,43,43,3337,25
16,4500812,0.87,46.607,52,2595,66,67,60,37,47,29,3892,30
16,4500928,0.87,46.607,54,2966,136,59,41,53,35,41,4449,52
16,4501044,0.87,46.607,132,3337,108,42,37,51,41,43,5005,45
16,4501160,0.87,46.607,112,3708,134,91,66,37,63,49,5562,68
17,4800000,-1.39,8.452,0,0,0,0,0,0,0,0,0,0
17,4800116,-1.39,8.452,11,440,20,5,12,6,5,7,660,6
17,4800232,-1.39,8.452,22,880,35,14,18,13,16,15,1320,11
17,4800348,-1.39,8.452,55,1320,47,13,20,13,18,17,1980,23
17,4800464,-1.39,8.452,53,1760,55,48,46,25,27,24,2640,27
17,4800580,-1.39,8.452,102,2200,108,48,34,35,34,40,3300,43
17,4800696,-1.39,8.452,31,2640,59,64,48,35,43,45,3960,32
17,4800812,-1.39,8.452,51,3080,71,34,50,43,58,31,4620,35
17,4800928,-1.39,8.452,91,3520,44,84,47,37,50,63,5280,49
17,4801044,-1.39,8.452,99,3961,119,83,48,73,76,68,5941,43
17,4801160,-1.39,8.452,50,4401,148,72,113,73,57,46,6601,49
18,5100000,1.37,17.116,0,0,0,0,0,0,0,0,0,0
18,5100116,1.37,17.116,4,395,8,8,10,7,7,37,592,6
18,5100232,1.37,17.116,38,790,8,18,8,11,10,69,1185,8
18,5100348,1.37,17.116,57,1186,37,34,25,19,18,111,1779,12
18,5100464,1.37,17.116,54,1581,44,46,16,23,29,145,2371,31
18,5100580,1.37,17.116,62,1976,79,46,47,37,19,197,2964,25
18,5100696,1.37,17.116,85,2372,88,46,46,43,47,220,3558,34
18,5100812,1.37,17.116,84,2767,127,39,66,28,50,253,4150,51
18,5100928,1.37,17.116,106,3162,101,72,40,58,37,301,4743,41
18,5101044,1.37,17.116,51,3558,149,66,89,58,40,323,5337,67
18,5101160,1.37,17.116,94,3953,165,117,99,72,71,377,5929,42
19,5400000,0.43,31.124,0,0,0,0,0,0,0,0,0,0
19,5400116,0.43,31.124,11,387,15,10,4,6,5,6,580,6
19,5400232,0.43,31.124,10,775,20,14,12,14,10,15,1162,14
19,5400348,0.43,31.124,46,1162,55,15,17,17,17,20,1743,21
19,5400464,0.43,31.124,77,1550,34,32,18,28,28,18,2325,20
19,5400580,0.43,31.124,75,1938,91,47,25,34,28,34,2907,21
19,5400696,0.43,31.124,34,2325,58,49,55,24,35,39,3487,30
19,5400812,0.43,31.124,123,2713,57,30,42,45,53,35,4069,42
19,5400928,0.43,31.124,50,3100,34,80,36,36,41,61,4650,39
19,5401044,0.43,31.124,82,3488,98,90,85,56,68,44,5232,56
19,5401160,0.43,31.124,165,3876,160,86,62,57,51,75,5814,63
20,5700000,-1.33,12.119,0,0,0,0,0,0,0,0,0,0
20,5700116,-1.33,12.119,6,442,9,6,6,7,5,8,663,7
20,5700232,-1.33,12.119,23,884,21,15,10,14,16,15,1326,9
20,5700348,-1.33,12.119,46,1327,18,15,33,18,15,19,1990,26
20,5700464,-1.33,12.119,53,1769,56,26,23,22,24,24,2653,26
20,5700580,-1.33,12.119,67,2211,99,56,52,39,28,30,3316,28
20,5700696,-1.33,12.119,106,2654,119,39,50,49,27,35,3981,46
20,5700812,-1.33,12.119,79,3096,60,44,86,51,46,51,4644,31
20,5700928,-1.33,12.119,107,3538,115,105,86,45,45,51,5307,53
20,5701044,-1.33,12.119,100,3981,105,107,50,42,53,50,5971,69
20,5701160,-1.33,12.119,151,4423,160,83,113,62,67,83,6634,56
21,6000000,0.92,22.523,0,0,0,0,0,0,0,0,0,0
21,6000116,0.92,22.523,17,357,12,7,4,6,3,3,535,4
21,6000232,0.92,22.523,7,714,28,8,14,14,10,11,1071,13
21,6000348,0.92,22.523,20,1071,25,24,14,18,13,13,1606,20
21,6000464,0.92,22.523,24,1428,65,30,27,28,22,28,2142,22
21,6000580,0.92,22.523,23,1785,89,41,47,28,22,22,2677,32
21,6000696,0.92,22.523,47,2142,88,34,60,21,41,25,3213,33
21,6000812,0.92,22.523,55,2499,25,41,57,43,31,48,3748,47
21,6000928,0.92,22.523,92,2856,116,77,56,57,48,48,4284,32
21,6001044,0.92,22.523,105,3213,44,86,42,50,50,61,4819,59
21,6001160,0.92,22.523,145,3570,173,49,55,45,40,43,5355,48
22,6300000,0.88,32.939,0,0,0,0,0,0,0,0,0,0
22,6300116,0.88,32.939,8,440,11,4,9,5,8,39,660,8
22,6300232,0.88,32.939,15,880,13,9,18,12,12,87,1320,15
22,6300348,0.88,32.939,52,1320,30,17,34,25,17,121,1980,16
22,6300464,0.88,32.939,69,1760,58,51,46,30,20,162,2640,19
22,6300580,0.88,32.939,94,2200,38,60,52,43,30,200,3300,22
22,6300696,0.88,32.939,113,2640,65,69,64,50,28,231,3960,32
22,6300812,0.88,32.939,48,3080,107,35,74,48,56,267,4620,44
22,6300928,0.88,32.939,153,3520,147,53,56,59,68,312,5280,69
22,6301044,0.88,32.939,44,3960,123,102,56,61,41,345,5940,44
22,6301160,0.88,32.939,164,4400,214,88,114,60,81,418,6600,63
23,6600000,-1.04,17.767,0,0,0,0,0,0,0,0,0,0
23,6600116,-1.04,17.767,20,436,19,9,6,4,6,8,654,5
23,6600232,-1.04,17.767,34,872,28,13,23,16,17,13,1308,14
23,6600348,-1.04,17.767,37,1308,56,24,35,24,13,19,1962,25
23,6600464,-1.04,17.767,81,1744,82,47,51,20,23,20,2616,26
23,6600580,-1.04,17.767,74,2180,56,25,43,41,30,22,3270,37
23,6600696,-1.04,17.767,65,2616,127,69,34,40,35,39,3924,47
23,6600812,-1.04,17.767,60,3053,96,48,39,45,49,32,4579,33
23,6600928,-1.04,17.767,125,3489,72,90,86,58,55,38,5233,58
23,6601044,-1.04,17.767,140,3925,73,82,90,75,62,74,5887,41
23,6601160,-1.04,17.767,139,4361,135,45,102,82,76,47,6541,64
24,6900000,-0.03,36.813,0,0,0,0,0,0,0,0,0,0
24,6900116,-0.03,36.813,13,420,15,8,7,4,4,7,630,7
24,6900232,-0.03,36.813,17,840,34,16,21,16,13,9,1260,14
24,6900348,-0.03,36.813,53,1260,60,21,21,19,20,15,1890,16
24,6900464,-0.03,36.813,36,1680,62,35,16,31,33,18,2520,30
24,6900580,-0.03,36.813,79,2100,100,62,45,21,39,21,3150,22
24,6900696,-0.03,36.813,46,2520,85,48,59,25,38,27,3780,27
24,6900812,-0.03,36.813,33,2941,89,62,88,40,39,35,4411,42
24,6900928,-0.03,36.813,66,3361,77,57,62,34,57,58,5041,60
24,6901044,-0.03,36.813,92,3781,68,65,45,57,65,49,5671,66
24,6901160,-0.03,36.813,154,4201,142,111,122,60,46,76,6301,70
25,7200000,-0.64,34.647,0,0,0,0,0,0,0,0,0,0
25,7200116,-0.64,34.647,19,430,19,7,10,6,7,7,645,7
25,7200232,-0.64,34.647,34,860,38,21,11,11,8,13,1290,15
25,7200348,-0.64,34.647,62,1290,56,17,36,19,13,18,1935,16
25,7200464,-0.64,34.647,70,1721,82,42,44,30,25,25,2581,26
25,7200580,-0.64,34.647,106,2151,105,31,41,40,33,30,3226,36
25,7200696,-0.64,34.647,117,2581,116,66,67,33,36,32,3871,42
25,7200812,-0.64,34.647,144,3012,138,46,40,54,39,51,4518,57
25,7200928,-0.64,34.647,142,3442,166,71,61,59,40,56,5163,48
25,7201044,-0.64,34.647,159,3872,180,95,71,56,48,45,5808,77
25,7201160,-0.64,34.647,199,4303,209,59,126,62,60,76,6454,57
26,7500000,-1.47,5.293,0,0,0,0,0,0,0,0,0,0
26,7500116,-1.47,5.293,17,370,18,5,9,4,7,3,555,7
26,7500232,-1.47,5.293,16,741,24,12,14,13,11,11,1111,7
26,7500348,-1.47,5.293,48,1111,28,23,18,15,14,20,1666,20
26,7500464,-1.47,5.293,53,1482,51,44,40,18,18,20,2223,21
26,7500580,-1.47,5.293,89,1852,68,24,48,35,33,36,2778,24
26,7500696,-1.47,5.293,88,2223,42,39,53,39,35,44,3334,44
26,7500812,-1.47,5.293,56,2593,66,40,74,44,50,28,3889,41
26,7500928,-1.47,5.293,52,2964,138,63,36,50,31,39,4446,53
26,7501044,-1.47,5.293,59,3334,124,95,75,47,65,61,5001,64
26,7501160,-1.47,5.293,65,3705,118,50,105,63,43,54,5557,67
27,7800000,1.74,33.403,0,0,0,0,0,0,0,0,0,0
27,7800116,1.74,33.403,16,385,17,4,6,6,6,5,577,4
27,7800232,1.74,33.403,31,770,34,18,22,14,15,15,1155,8
27,7800348,1.74,33.403,53,1155,48,33,20,15,17,16,1732,15
27,7800464,1.74,33.403,72,1541,75,29,25,24,18,22,2311,25
27,7800580,1.74,33.403,94,1926,79,38,37,27,28,23,2889,20
27,7800696,1.74,33.403,96,2311,97,55,52,41,42,34,3466,34
27,7800812,1.74,33.403,113,2697,125,65,52,31,48,46,4045,53
27,7800928,1.74,33.403,132,3082,150,47,42,31,42,44,4623,59
27,7801044,1.74,33.403,171,3467,150,44,87,52,47,65,5200,50
27,7801160,1.74,33.403,188,3853,161,89,64,50,63,66,5779,58
28,8100000,-1.11,42.873,0,0,0,0,0,0,0,0,0,0
28,8100116,-1.11,42.873,16,432,19,12,10,6,7,5,648,8
28,8100232,-1.11,42.873,28,864,18,19,14,11,10,14,1296,14
28,8100348,-1.11,42.873,27,1297,62,15,35,22,15,15,1945,22
28,8100464,-1.11,42.873,44,1729,30,38,35,25,20,33,2593,22
28,8100580,-1.11,42.873,43,2162,76,46,53,21,30,32,3243,39
28,8100696,-1.11,42.873,100,2594,114,59,55,30,33,44,3891,39
28,8100812,-1.11,42.873,104,3026,66,30,39,45,32,40,4539,45
28,8100928,-1.11,42.873,83,3459,156,66,54,48,44,37,5188,40
28,8101044,-1.11,42.873,76,3891,73,42,58,57,40,45,5836,54
28,8101160,-1.11,42.873,178,4324,191,45,74,80,71,74,6486,56
29,8400000,0.23,34.724,0,0,0,0,0,0,0,0,0,0
29,8400116,0.23,34.724,18,428,21,4,5,5,6,8,642,6
29,8400232,0.23,34.724,39,856,36,16,17,11,13,12,1284,16
29,8400348,0.23,34.724,62,1284,57,36,32,22,23,23,1926,22
29,8400464,0.23,34.724,80,1712,70,43,21,25,28,21,2568,27
29,8400580,0.23,34.724,90,2140,88,22,58,26,40,34,3210,32
29,8400696,0.23,34.724,124,2568,127,69,27,28,42,40,3852,33
29,8400812,0.23,34.724,137,2996,122,51,74,38,47,56,4494,37
29,8400928,0.23,34.724,162,3424,139,55,59,64,66,57,5136,38
29,8401044,0.23,34.724,178,3852,185,46,49,74,60,60,5778,60
29,8401160,0.23,34.724,194,4280,180,110,61,83,61,43,6420,67
30,8700000,0.81,36.521,0,0,0,0,0,0,0,0,0,0
30,8700116,0.81,36.521,14,400,12,4,7,6,7,35,600,5
30,8700232,0.81,36.521,12,801,29,17,11,10,8,75,1201,14
30,8700348,0.81,36.521,58,1201,24,13,24,20,12,103,1801,12
30,8700464,0.81,36.521,45,1602,46,16,42,29,21,136,2403,25
30,8700580,0.81,36.521,46,2002,76,28,23,20,20,177,3003,37
30,8700696,0.81,36.521,90,2403,119,45,25,36,45,214,3604,32
30,8700812,0.81,36.521,118,2803,56,75,65,53,51,261,4204,29
30,8700928,0.81,36.521,150,3204,34,33,75,42,57,296,4806,52
30,8701044,0.81,36.521,117,3604,122,52,79,62,59,307,5406,42
30,8701160,0.81,36.521,76,4005,79,102,101,68,67,345,6007,61
31,9000000,1.18,40.641,0,0,0,0,0,0,0,0,0,0
31,9000116,1.18,40.641,12,401,4,11,18,18,7,7,601,7
31,9000232,1.18,40.641,26,803,22,12,35,35,12,11,1204,12
31,9000348,1.18,40.641,38,1205,15,18,57,57,22,16,1807,22
31,9000464,1.18,40.641,30,1607,80,34,64,66,25,22,2410,26
31,9000580,1.18,40.641,49,2009,45,44,83,82,31,34,3013,37
31,9000696,1.18,40.641,42,2411,72,29,116,120,32,28,3616,33
31,9000812,1.18,40.641,29,2813,120,39,112,118,47,45,4219,34
31,9000928,1.18,40.641,86,3215,154,88,149,135,42,44,4822,61
31,9001044,1.18,40.641,124,3617,159,44,158,164,42,53,5425,68
31,9001160,1.18,40.641,198,4019,178,44,179,191,49,51,6028,47
32,9300000,0.82,4.7,0,0,0,0,0,0,0,0,0,0
32,9300116,0.82,4.7,8,412,5,6,18,17,6,7,618,4
32,9300232,0.82,4.7,40,824,29,8,35,33,16,11,1236,13
32,9300348,0.82,4.7,48,1236,52,14,54,50,12,14,1854,22
32,9300464,0.82,4.7,47,1648,22,41,68,70,31,28,2472,27
32,9300580,0.82,4.7,26,2060,49,24,102,85,25,31,3090,31
32,9300696,0.82,4.7,81,2472,88,62,110,105,40,29,3708,29
32,9300812,0.82,4.7,132,2884,86,33,136,143,36,45,4326,42
32,9300928,0.82,4.7,118,3296,132,43,151,138,39,47,4944,60
32,9301044,0.82,4.7,114,3709,69,53,165,173,38,50,5563,40
32,9301160,0.82,4.7,166,4121,60,53,191,165,51,43,6181,66
33,9600000,-0.58,20.398,0,0,0,0,0,0,0,0,0,0
33,9600116,-0.58,20.398,7,432,17,5,10,4,8,7,648,5
33,9600232,-0.58,20.398,38,865,12,24,20,16,16,12,1297,12
33,9600348,-0.58,20.398,45,1298,49,20,28,19,21,23,1947,17
33,9600464,-0.58,20.398,56,1730,31,27,48,30,20,25,2595,26
33,9600580,-0.58,20.398,105,2163,25,35,28,24,37,36,3244,30
33,9600696,-0.58,20.398,88,2596,129,50,37,26,39,29,3894,34
33,9600812,-0.58,20.398,124,3029,119,53,61,39,53,55,4543,50
33,9600928,-0.58,20.398,127,3461,129,92,71,48,66,42,5191,62
33,9601044,-0.58,20.398,45,3894,138,115,104,42,77,49,5841,50
33,9601160,-0.58,20.398,83,4327,90,48,74,81,85,82,6490,55
34,9900000,-1.24,18.049,0,0,0,0,0,0,0,0,0,0
34,9900116,-1.24,18.049,19,420,20,5,6,6,6,5,630,6
34,9900232,-1.24,18.049,40,840,37,9,8,16,14,14,1260,8
34,9900348,-1.24,18.049,34,1260,24,37,37,18,23,21,1890,15
34,9900464,-1.24,18.049,62,1680,33,43,19,23,28,31,2520,29
34,9900580,-1.24,18.049,95,2100,68,38,25,28,31,30,3150,27
34,9900696,-1.24,18.049,102,2520,40,28,40,33,48,40,3780,45
34,9900812,-1.24,18.049,49,2940,141,78,69,43,43,32,4410,43
34,9900928,-1.24,18.049,83,3360,136,86,82,57,46,40,5040,33
34,9901044,-1.24,18.049,184,3780,93,78,104,58,47,74,5670,65
34,9901160,-1.24,18.049,43,4200,128,118,64,82,71,63,6300,50
35,10200000,0.75,25.85,0,0,0,0,0,0,0,0,0,0
35,10200116,0.75,25.85,12,441,11,10,12,7,7,6,661,5
35,10200232,0.75,25.85,24,883,30,22,15,15,11,13,1324,12
35,10200348,0.75,25.85,43,1325,58,19,35,25,22,19,1987,19
35,10200464,0.75,25.85,51,1767,77,30,18,29,30,29,2650,26
35,10200580,0.75,25.85,68,2209,63,53,29,27,36,35,3313,41
35,10200696,0.75,25.85,49,2651,116,56,52,48,30,45,3976,37
35,10200812,0.75,25.85,44,3093,111,72,61,54,53,43,4639,57
35,10200928,0.75,25.85,104,3535,114,71,56,37,68,46,5302,39
35,10201044,0.75,25.85,179,3977,163,90,101,52,64,59,5965,52
35,10201160,0.75,25.85,59,4419,53,105,129,49,67,52,6628,83
36,10500000,1.12,38.359,0,0,0,0,0,0,0,0,0,0
36,10500116,1.12,38.359,17,373,7,9,16,17,6,4,559,3
36,10500232,1.12,38.359,35,746,36,21,36,36,11,11,1119,12
36,10500348,1.12,38.359,48,1120,32,19,48,46,19,17,1680,17
36,10500464,1.12,38.359,43,1493,21,41,67,66,27,21,2239,16
36,10500580,1.12,38.359,80,1866,62,42,84,85,34,27,2799,27
36,10500696,1.12,38.359,101,2240,78,29,109,101,36,35,3360,23
36,10500812,1.12,38.359,129,2613,83,44,119,123,41,39,3919,27
36,10500928,1.12,38.359,53,2987,82,49,139,143,49,34,4480,54
36,10501044,1.12,38.359,147,3360,133,60,153,152,63,40,5040,37
36,10501160,1.12,38.359,111,3733,97,41,164,155,61,61,5599,61
37,10800000,-1.35,40.769,0,0,0,0,0,0,0,0,0,0
37,10800116,-1.35,40.769,19,395,19,11,5,5,6,6,592,5
37,10800232,-1.35,40.769,33,791,38,16,20,12,11,12,1186,12
37,10800348,-1.35,40.769,56,1187,53,23,15,23,15,12,1780,15
37,10800464,-1.35,40.769,77,1583,66,19,36,27,25,28,2374,24
37,10800580,-1.35,40.769,91,1979,93,29,38,30,27,27,2968,37
37,10800696,-1.35,40.769,99,2375,112,54,40,43,37,43,3562,36
37,10800812,-1.35,40.769,115,2771,118,42,41,32,30,51,4156,53
37,10800928,-1.35,40.769,151,3167,143,78,41,57,42,60,4750,61
37,10801044,-1.35,40.769,153,3563,161,61,63,40,68,63,5344,49
37,10801160,-1.35,40.769,163,3959,187,116,42,47,68,47,5938,70
38,11100000,1.69,47.427,0,0,0,0,0,0,0,0,0,0
38,11100116,1.69,47.427,8,350,12,7,15,14,6,5,525,6
38,11100232,1.69,47.427,13,700,21,19,34,28,10,13,1050,13
38,11100348,1.69,47.427,12,1050,27,23,50,49,13,11,1575,16
38,11100464,1.69,47.427,35,1401,68,35,68,66,26,23,2101,16
38,11100580,1.69,47.427,49,1751,41,23,73,83,33,32,2626,22
38,11100696,1.69,47.427,56,2101,47,60,84,92,22,23,3151,26
38,11100812,1.69,47.427,113,2452,81,40,99,111,44,33,3678,40
38,11100928,1.69,47.427,92,2802,113,79,128,118,36,36,4203,35
38,11101044,1.69,47.427,96,3152,39,57,133,153,60,44,4728,62
38,11101160,1.69,47.427,154,3502,63,53,153,144,51,69,5253,49
39,11400000,0.84,34.359,0,0,0,0,0,0,0,0,0,0
39,11400116,0.84,34.359,4,373,17,8,16,15,4,3,559,5
39,11400232,0.84,34.359,9,746,27,11,35,34,8,11,1119,7
39,11400348,0.84,34.359,41,1120,18,30,46,50,13,19,1680,15
39,11400464,0.84,34.359,55,1493,35,25,68,61,20,20,2239,28
39,11400580,0.84,34.359,33,1867,67,37,84,85,33,26,2800,31
39,11400696,0.84,34.359,46,2240,86,32,96,104,32,30,3360,34
39,11400812,0.84,34.359,55,2614,52,48,119,123,31,50,3921,41
39,11400928,0.84,34.359,57,2987,145,83,134,127,55,32,4480,57
39,11401044,0.84,34.359,44,3361,75,67,150,134,44,60,5041,61
39,11401160,0.84,34.359,61,3734,120,53,168,172,45,72,5601,68
40,11700000,-0.95,13.612,0,0,0,0,0,0,0,0,0,0
40,11700116,-0.95,13.612,17,396,18,9,6,4,4,4,594,4
40,11700232,-0.95,13.612,33,793,37,20,10,13,9,10,1189,11
40,11700348,-0.95,13.612,56,1189,54,34,22,22,13,16,1783,12
40,11700464,-0.95,13.612,76,1586,77,44,30,31,19,28,2379,27
40,11700580,-0.95,13.612,98,1982,87,50,50,30,34,23,2973,37
40,11700696,-0.95,13.612,105,2379,114,62,52,30,29,32,3568,37
40,11700812,-0.95,13.612,120,2775,115,35,54,51,40,39,4162,40
40,11700928,-0.95,13.612,144,3172,138,77,40,36,36,50,4758,51
40,11701044,-0.95,13.612,154,3568,144,61,85,40,38,38,5352,45
40,11701160,-0.95,13.612,190,3965,188,67,113,60,61,43,5947,61
41,12000000,1.63,23.675,0,0,0,0,0,0,0,0,0,0
41,12000116,1.63,23.675,16,359,17,6,4,4,4,3,538,6
41,12000232,1.63,23.675,28,718,29,19,15,11,11,8,1077,10
41,12000348,1.63,23.675,48,1077,47,13,30,13,20,11,1615,20
41,12000464,1.63,23.675,69,1437,70,24,41,19,17,25,2155,14
41,12000580,1.63,23.675,73,1796,89,18,28,27,23,32,2694,18
41,12000696,1.63,23.675,89,2155,107,26,46,23,31,39,3232,26
41,12000812,1.63,23.675,104,2514,124,30,67,47,38,31,3771,38
41,12000928,1.63,23.675,133,2874,117,61,77,42,40,37,4311,36
41,12001044,1.63,23.675,141,3233,141,55,80,55,39,37,4849,47
41,12001160,1.63,23.675,157,3592,168,65,39,47,41,56,5388,48
42,12300000,-0.22,48.612,0,0,0,0,0,0,0,0,0,0
42,12300116,-0.22,48.612,21,434,11,10,12,5,7,7,651,7
42,12300232,-0.22,48.612,13,869,24,20,22,15,16,8,1303,14
42,12300348,-0.22,48.612,54,1304,18,31,36,18,25,16,1956,24
42,12300464,-0.22,48.612,48,1739,72,33,26,28,24,24,2608,34
42,12300580,-0.22,48.612,103,2174,57,23,38,26,32,27,3261,28
42,12300696,-0.22,48.612,121,2608,120,77,47,40,40,47,3912,34
42,12300812,-0.22,48.612,119,3043,149,48,45,42,37,44,4564,33
42,12300928,-0.22,48.612,60,3478,95,38,82,59,50,51,5217,59
42,12301044,-0.22,48.612,190,3913,193,86,52,72,63,70,5869,44
42,12301160,-0.22,48.612,89,4348,51,100,46,54,69,57,6522,59
43,12600000,-1.06,11.103,0,0,0,0,0,0,0,0,0,0
43,12600116,-1.06,11.103,6,360,16,6,9,5,6,5,540,4
43,12600232,-1.06,11.103,11,721,14,10,16,13,11,12,1081,8
43,12600348,-1.06,11.103,27,1082,19,17,22,11,10,19,1623,20
43,12600464,-1.06,11.103,59,1442,59,16,25,21,19,20,2163,27
43,12600580,-1.06,11.103,24,1803,21,44,18,25,26,22,2704,22
43,12600696,-1.06,11.103,40,2164,58,27,36,35,21,32,3246,39
43,12600812,-1.06,11.103,26,2525,41,62,55,32,30,36,3787,38
43,12600928,-1.06,11.103,37,2885,29,47,80,50,45,35,4327,29
43,12601044,-1.06,11.103,158,3246,38,57,85,38,42,50,4869,57
43,12601160,-1.06,11.103,43,3607,147,68,97,38,67,57,5410,65
44,12900000,0.1,25.523,0,0,0,0,0,0,0,0,0,0
44,12900116,0.1,25.523,11,423,15,9,11,6,4,6,634,6
44,12900232,0.1,25.523,27,846,42,10,22,10,13,13,1269,10
44,12900348,0.1,25.523,48,1269,33,31,22,23,16,21,1903,24
44,12900464,0.1,25.523,36,1692,29,18,34,31,31,18,2538,25
44,12900580,0.1,25.523,62,2115,33,58,60,30,34,29,3172,35
44,12900696,0.1,25.523,39,2538,96,51,26,41,39,40,3807,37
44,12900812,0.1,25.523,137,2961,142,83,65,35,48,45,4441,37
44,12900928,0.1,25.523,112,3384,150,63,74,34,38,42,5076,55
44,12901044,0.1,25.523,151,3807,57,100,67,54,66,51,5710,46
44,12901160,0.1,25.523,117,4230,64,110,47,67,57,81,6345,59
45,13200000,-1.03,12.094,0,0,0,0,0,0,0,0,0,0
45,13200116,-1.03,12.094,11,358,5,4,7,4,5,32,537,6
45,13200232,-1.03,12.094,11,717,13,16,12,10,10,66,1075,12
45,13200348,-1.03,12.094,31,1076,21,21,22,19,18,98,1614,18
45,13200464,-1.03,12.094,44,1435,29,17,17,26,18,135,2152,17
45,13200580,-1.03,12.094,40,1793,82,35,30,21,26,169,2689,30
45,13200696,-1.03,12.094,94,2152,80,21,61,26,30,197,3228,40
45,13200812,-1.03,12.094,30,2511,72,69,33,35,46,236,3766,45
45,13200928,-1.03,12.094,77,2870,39,83,36,34,53,244,4305,56
45,13201044,-1.03,12.094,42,3229,81,57,40,32,41,305,4843,53
45,13201160,-1.03,12.094,80,3587,57,106,49,36,66,350,5380,38
46,13500000,0.89,14.484,0,0,0,0,0,0,0,0,0,0
46,13500116,0.89,14.484,8,357,17,5,4,6,4,6,535,6
46,13500232,0.89,14.484,17,715,8,18,7,7,12,8,1072,12
46,13500348,0.89,14.484,37,1072,16,28,28,13,13,14,1608,20
46,13500464,0.89,14.484,44,1430,37,29,21,22,19,15,2145,20
46,13500580,0.89,14.484,41,1788,69,31,25,29,27,29,2682,18
46,13500696,0.89,14.484,73,2145,37,30,54,35,28,29,3217,25
46,13500812,0.89,14.484,56,2503,44,66,70,46,26,42,3754,39
46,13500928,0.89,14.484,140,2860,53,34,43,35,30,46,4290,41
46,13501044,0.89,14.484,113,3218,61,68,50,63,57,48,4827,50
46,13501160,0.89,14.484,107,3576,116,83,46,58,56,70,5364,47
47,13800000,1.7,39.066,0,0,0,0,0,0,0,0,0,0
47,13800116,1.7,39.066,10,381,15,3,6,5,6,36,571,4
47,13800232,1.7,39.066,29,763,31,15,19,11,14,74,1144,8
47,13800348,1.7,39.066,13,1145,42,17,27,22,18,106,1717,13
47,13800464,1.7,39.066,71,1527,62,29,21,16,15,132,2290,26
47,13800580,1.7,39.066,70,1908,72,44,34,26,34,188,2862,29
47,13800696,1.7,39.066,67,2290,58,36,66,33,23,225,3435,37
47,13800812,1.7,39.066,66,2672,35,70,66,35,52,251,4008,43
47,13800928,1.7,39.066,35,3054,73,61,42,30,40,296,4581,31
47,13801044,1.7,39.066,37,3435,105,53,55,59,47,309,5152,40
47,13801160,1.7,39.066,187,3817,93,77,45,71,60,339,5725,70
48,14100000,1.06,11.038,0,0,0,0,0,0,0,0,0,0
48,14100116,1.06,11.038,5,398,9,9,18,18,4,5,597,6
48,14100232,1.06,11.038,33,797,15,11,35,32,8,11,1195,8
48,14100348,1.06,11.038,30,1196,21,21,53,58,20,17,1794,12
48,14100464,1.06,11.038,54,1595,74,17,73,75,23,27,2392,22
48,14100580,1.06,11.038,69,1994,70,33,82,80,31,29,2991,32
48,14100696,1.06,11.038,110,2393,26,46,102,98,46,26,3589,45
48,14100812,1.06,11.038,80,2792,103,46,122,117,44,47,4188,47
48,14100928,1.06,11.038,155,3191,50,79,153,133,39,63,4786,54
48,14101044,1.06,11.038,171,3590,169,50,162,156,50,60,5385,65
48,14101160,1.06,11.038,173,3989,143,111,171,184,68,50,5983,69
49,14400000,-1.34,27.958,0,0,0,0,0,0,0,0,0,0
49,14400116,-1.34,27.958,19,413,17,6,8,6,4,8,619,8
49,14400232,-1.34,27.958,38,826,40,21,22,10,8,13,1239,10
49,14400348,-1.34,27.958,51,1240,55,13,26,24,17,24,1860,17
49,14400464,-1.34,27.958,69,1653,69,24,26,19,17,19,2479,17
49,14400580,-1.34,27.958,97,2067,100,26,22,36,28,26,3100,40
49,14400696,-1.34,27.958,100,2480,100,36,61,30,42,28,3720,42
49,14400812,-1.34,27.958,124,2894,129,31,78,39,29,56,4341,38
49,14400928,-1.34,27.958,154,3307,154,52,79,61,36,63,4960,60
49,14401044,-1.34,27.958,154,3721,173,57,75,38,58,68,5581,65
49,14401160,-1.34,27.958,184,4134,187,94,116,52,46,50,6201,58
50,14700000,-0.42,6.073,0,0,0,0,0,0,0,0,0,0
50,14700116,-0.42,6.073,7,426,14,11,19,21,4,6,639,5
50,14700232,-0.42,6.073,39,852,40,17,34,37,10,11,1278,9
50,14700348,-0.42,6.073,28,1278,20,30,57,63,14,17,1917,14
50,14700464,-0.42,6.073,67,1704,31,47,75,72,23,28,2556,21
50,14700580,-0.42,6.073,64,2130,81,26,94,103,23,36,3195,38
50,14700696,-0.42,6.073,71,2556,78,27,120,109,31,30,3834,40
50,14700812,-0.42,6.073,39,2982,82,53,142,133,59,33,4473,33
50,14700928,-0.42,6.073,109,3409,70,90,161,145,65,53,5113,64
50,14701044,-0.42,6.073,116,3835,158,70,169,190,39,68,5752,54
50,14701160,-0.42,6.073,192,4261,149,83,191,202,50,82,6391,47
51,15000000,0.57,22.144,0,0,0,0,0,0,0,0,0,0
51,15000116,0.57,22.144,5,404,13,5,18,17,6,7,606,7
51,15000232,0.57,22.144,24,808,38,17,32,33,10,15,1212,10
51,15000348,0.57,22.144,30,1213,31,16,56,52,19,20,1819,17
51,15000464,0.57,22.144,16,1617,33,44,65,67,28,23,2425,30
51,15000580,0.57,22.144,38,2021,37,29,87,81,40,31,3031,38
51,15000696,0.57,22.144,38,2426,81,53,118,105,40,45,3639,41
51,15000812,0.57,22.144,130,2830,138,41,138,120,36,55,4245,36
51,15000928,0.57,22.144,159,3235,78,81,148,150,46,57,4852,50
51,15001044,0.57,22.144,48,3639,90,94,156,181,49,55,5458,51
51,15001160,0.57,22.144,184,4043,112,43,199,172,68,64,6064,69
52,15300000,0.53,16.938,0,0,0,0,0,0,0,0,0,0
52,15300116,0.53,16.938,11,352,9,7,3,6,6,3,528,6
52,15300232,0.53,16.938,26,705,19,8,10,8,10,14,1057,8
52,15300348,0.53,16.938,45,1057,39,14,25,14,19,12,1585,18
52,15300464,0.53,16.938,28,1410,42,30,14,21,14,15,2115,27
52,15300580,0.53,16.938,76,1762,83,28,26,19,27,26,2643,34
52,15300696,0.53,16.938,50,2115,83,41,59,35,32,24,3172,35
52,15300812,0.53,16.938,115,2467,100,65,28,43,32,47,3700,47
52,15300928,0.53,16.938,37,2820,129,58,40,56,54,43,4230,46
52,15301044,0.53,16.938,146,3172,111,89,44,62,56,42,4758,32
52,15301160,0.53,16.938,70,3525,38,73,71,59,49,69,5287,61
53,15600000,-1.0,29.668,0,0,0,0,0,0,0,0,0,0
53,15600116,-1.0,29.668,21,447,7,7,21,20,6,8,670,6
53,15600232,-1.0,29.668,39,895,12,13,42,42,13,16,1342,17
53,15600348,-1.0,29.668,26,1343,31,28,63,58,15,22,2014,19
53,15600464,-1.0,29.668,24,1791,22,49,81,73,25,27,2686,18
53,15600580,-1.0,29.668,100,2239,50,32,106,98,23,36,3358,42
53,15600696,-1.0,29.668,88,2687,95,76,114,131,31,37,4030,46
53,15600812,-1.0,29.668,120,3134,61,56,149,142,37,36,4701,41
53,15600928,-1.0,29.668,92,3582,144,95,148,157,42,41,5373,44
53,15601044,-1.0,29.668,115,4030,104,59,168,200,63,80,6045,52
53,15601160,-1.0,29.668,160,4478,166,58,193,209,88,71,6717,58
54,15900000,1.68,38.549,0,0,0,0,0,0,0,0,0,0
54,15900116,1.68,38.549,19,392,16,9,11,4,4,4,588,4
54,15900232,1.68,38.549,34,785,33,23,8,8,15,9,1177,8
54,15900348,1.68,38.549,50,1177,57,13,18,16,16,18,1765,15
54,15900464,1.68,38.549,66,1570,73,30,47,26,17,18,2355,24
54,15900580,1.68,38.549,87,1962,96,31,53,35,19,38,2943,26
54,15900696,1.68,38.549,109,2355,95,30,25,36,27,36,3532,41
54,15900812,1.68,38.549,112,2747,122,67,78,49,33,53,4120,51
54,15900928,1.68,38.549,128,3140,135,91,53,61,35,59,4710,62
54,15901044,1.68,38.549,152,3532,159,96,61,60,48,39,5298,51
54,15901160,1.68,38.549,161,3925,186,115,47,50,42,49,5887,68
55,16200000,1.26,24.87,0,0,0,0,0,0,0,0,0,0
55,16200116,1.26,24.87,16,448,18,5,13,8,6,7,672,5
55,16200232,1.26,24.87,30,896,39,13,9,14,11,12,1344,15
55,16200348,1.26,24.87,46,1344,58,32,22,20,24,14,2016,13
55,16200464,1.26,24.87,52,1792,35,49,41,24,21,28,2688,19
55,16200580,1.26,24.87,75,2240,93,64,22,35,33,24,3360,22
55,16200696,1.26,24.87,52,2688,105,33,29,46,35,37,4032,28
55,16200812,1.26,24.87,148,3136,93,47,39,33,50,48,4704,53
55,16200928,1.26,24.87,155,3584,61,105,106,56,68,64,5376,46
55,16201044,1.26,24.87,135,4032,115,108,107,57,66,64,6048,56
55,16201160,1.26,24.87,81,4481,135,67,93,88,56,74,6721,70
56,16500000,0.49,38.616,0,0,0,0,0,0,0,0,0,0
56,16500116,0.49,38.616,10,444,7,5,10,7,8,5,666,4
56,16500232,0.49,38.616,20,888,37,18,15,9,12,14,1332,14
56,16500348,0.49,38.616,21,1333,36,26,22,17,19,19,1999,25
56,16500464,0.49,38.616,22,1777,61,48,48,23,21,24,2665,31
56,16500580,0.49,38.616,106,2222,101,35,28,42,34,31,3333,36
56,16500696,0.49,38.616,107,2666,123,65,78,42,28,51,3999,52
56,16500812,0.49,38.616,81,3110,138,85,51,58,47,41,4665,39
56,16500928,0.49,38.616,51,3555,165,94,103,46,57,38,5332,54
56,16501044,0.49,38.616,72,3999,139,112,59,65,65,63,5998,49
56,16501160,0.49,38.616,149,4444,97,69,64,79,65,51,6666,81
57,16800000,0.27,16.925,0,0,0,0,0,0,0,0,0,0
57,16800116,0.27,16.925,14,384,4,4,5,6,5,37,576,3
57,16800232,0.27,16.925,20,769,11,21,17,8,13,70,1153,11
57,16800348,0.27,16.925,31,1154,52,28,26,20,15,113,1731,14
57,16800464,0.27,16.925,45,1539,66,29,17,25,30,132,2308,17
57,16800580,0.27,16.925,95,1924,69,34,37,33,22,181,2886,36
57,16800696,0.27,16.925,56,2309,73,47,50,31,35,202,3463,24
57,16800812,0.27,16.925,85,2694,27,55,58,51,42,244,4041,31
57,16800928,0.27,16.925,43,3078,33,65,53,54,53,276,4617,33
57,16801044,0.27,16.925,83,3463,120,75,83,55,38,311,5194,42
57,16801160,0.27,16.925,54,3848,92,88,112,47,55,380,5772,44
58,17100000,-1.44,46.447,0,0,0,0,0,0,0,0,0,0
58,17100116,-1.44,46.447,17,394,18,7,6,5,4,6,591,7
58,17100232,-1.44,46.447,37,788,37,15,15,13,8,10,1182,8
58,17100348,-1.44,46.447,54,1182,48,32,23,14,21,18,1773,19
58,17100464,-1.44,46.447,67,1577,64,21,33,15,25,31,2365,17
58,17100580,-1.44,46.447,94,1971,97,36,29,38,38,33,2956,32
58,17100696,-1.44,46.447,115,2365,104,40,24,39,41,40,3547,33
58,17100812,-1.44,46.447,129,2760,137,60,67,54,29,28,4140,40
58,17100928,-1.44,46.447,128,3154,155,53,65,50,51,36,4731,57
58,17101044,-1.44,46.447,165,3548,156,91,94,56,41,45,5322,46
58,17101160,-1.44,46.447,158,3942,192,96,81,74,50,73,5913,51
59,17400000,-0.87,46.563,0,0,0,0,0,0,0,0,0,0
59,17400116,-0.87,46.563,13,446,17,5,8,8,7,42,669,7
59,17400232,-0.87,46.563,26,893,24,12,17,15,11,88,1339,16
59,17400348,-0.87,46.563,26,1339,34,32,19,17,13,121,2008,19
59,17400464,-0.87,46.563,31,1786,20,47,39,32,19,177,2679,35
59,17400580,-0.87,46.563,97,2232,110,66,45,25,42,214,3348,28
59,17400696,-0.87,46.563,52,2679,49,31,77,32,52,262,4018,41
59,17400812,-0.87,46.563,134,3126,60,58,77,46,45,301,4689,36
59,17400928,-0.87,46.563,167,3572,126,44,83,52,37,308,5358,61
59,17401044,-0.87,46.563,101,4019,155,74,76,73,68,363,6028,62
59,17401160,-0.87,46.563,132,4465,65,62,132,65,68,434,6697,48
60,17700000,-0.61,12.456,0,0,0,0,0,0,0,0,0,0
60,17700116,-0.61,12.456,12,431,16,12,11,5,7,6,646,7
60,17700232,-0.61,12.456,34,862,41,15,16,10,15,15,1293,12
60,17700348,-0.61,12.456,43,1293,40,22,18,24,22,20,1939,15
60,17700464,-0.61,12.456,62,1724,47,28,40,21,20,29,2586,28
60,17700580,-0.61,12.456,62,2155,41,22,31,27,31,41,3232,36
60,17700696,-0.61,12.456,43,2586,48,58,56,48,29,34,3879,51
60,17700812,-0.61,12.456,74,3017,146,49,61,54,32,36,4525,37
60,17700928,-0.61,12.456,75,3448,88,40,38,47,48,37,5172,67
60,17701044,-0.61,12.456,123,3879,190,106,56,56,59,46,5818,63
60,17701160,-0.61,12.456,70,4310,172,104,125,54,53,51,6465,59
61,18000000,-1.24,10.499,0,0,0,0,0,0,0,0,0,0
61,18000116,-1.24,10.499,14,406,14,6,9,5,6,5,609,6
61,18000232,-1.24,10.499,27,813,11,19,13,13,8,13,1219,14
61,18000348,-1.24,10.499,19,1220,55,25,16,15,16,14,1830,19
61,18000464,-1.24,10.499,26,1626,75,27,24,27,26,24,2439,19
61,18000580,-1.24,10.499,72,2033,58,56,29,28,32,32,3049,38
61,18000696,-1.24,10.499,98,2440,64,67,62,30,25,29,3660,39
61,18000812,-1.24,10.499,113,2846,114,70,46,32,49,38,4269,51
61,18000928,-1.24,10.499,74,3253,85,40,48,39,58,63,4879,49
61,18001044,-1.24,10.499,58,3660,58,80,56,61,72,47,5490,52
61,18001160,-1.24,10.499,133,4066,57,90,104,60,61,45,6099,61
62,18300000,0.76,21.934,0,0,0,0,0,0,0,0,0,0
62,18300116,0.76,21.934,7,369,4,7,4,6,4,5,553,5
62,18300232,0.76,21.934,20,738,8,18,13,13,9,9,1107,11
62,18300348,0.76,21.934,34,1108,39,23,12,14,20,19,1662,11
62,18300464,0.76,21.934,71,1477,73,23,20,21,24,18,2215,22
62,18300580,0.76,21.934,80,1847,64,38,41,22,21,21,2770,27
62,18300696,0.76,21.934,72,2216,94,28,32,37,37,32,3324,31
62,18300812,0.76,21.934,81,2586,85,66,46,37,26,26,3879,34
62,18300928,0.76,21.934,109,2955,73,47,70,44,52,31,4432,44
62,18301044,0.76,21.934,67,3324,162,63,41,33,55,62,4986,52
62,18301160,0.76,21.934,62,3694,149,104,87,55,72,37,5541,72
63,18600000,1.65,38.336,0,0,0,0,0,0,0,0,0,0
63,18600116,1.65,38.336,14,396,10,10,7,7,7,6,594,4
63,18600232,1.65,38.336,28,793,34,14,21,9,14,13,1189,12
63,18600348,1.65,38.336,35,1190,41,25,27,12,16,12,1785,15
63,18600464,1.65,38.336,37,1587,40,46,36,16,28,24,2380,18
63,18600580,1.65,38.336,45,1983,52,30,51,29,26,33,2974,22
63,18600696,1.65,38.336,87,2380,64,48,28,37,43,46,3570,29
63,18600812,1.65,38.336,98,2777,49,35,80,41,46,49,4165,40
63,18600928,1.65,38.336,67,3174,141,91,56,60,50,34,4761,46
63,18601044,1.65,38.336,123,3570,75,66,73,35,68,58,5355,54
63,18601160,1.65,38.336,58,3967,176,82,48,76,63,74,5950,72
64,18900000,0.62,49.739,0,0,0,0,0,0,0,0,0,0
64,18900116,0.62,49.739,8,432,17,8,11,8,6,7,648,7
64,18900232,0.62,49.739,19,865,31,24,23,12,15,9,1297,15
64,18900348,0.62,49.739,20,1298,52,36,13,22,21,20,1947,22
64,18900464,0.62,49.739,24,1731,20,44,50,22,23,24,2596,29
64,18900580,0.62,49.739,32,2163,104,33,36,42,33,30,3244,32
64,18900696,0.62,49.739,103,2596,102,58,63,38,50,37,3894,26
64,18900812,0.62,49.739,68,3029,89,67,62,57,58,60,4543,43
64,18900928,0.62,49.739,96,3462,66,50,46,35,45,67,5193,60
64,18901044,0.62,49.739,163,3895,63,114,104,44,69,72,5842,51
64,18901160,0.62,49.739,128,4327,214,129,45,63,75,84,6490,43
65,19200000,1.38,26.79,0,0,0,0,0,0,0,0,0,0
65,19200116,1.38,26.79,15,391,4,10,10,6,5,7,586,5
65,19200232,1.38,26.79,13,782,25,8,8,10,14,13,1173,7
65,19200348,1.38,26.79,49,1173,48,21,23,18,14,21,1759,15
65,19200464,1.38,26.79,27,1564,53,45,24,30,19,26,2346,20
65,19200580,1.38,26.79,50,1955,44,19,35,32,24,27,2932,21
65,19200696,1.38,26.79,32,2346,86,61,28,33,34,31,3519,34
65,19200812,1.38,26.79,28,2737,111,52,27,40,33,28,4105,46
65,19200928,1.38,26.79,35,3129,78,68,58,49,39,57,4693,52
65,19201044,1.38,26.79,114,3520,135,70,52,57,49,39,5280,37
65,19201160,1.38,26.79,81,3911,58,65,62,54,74,60,5866,43
66,19500000,-0.37,22.047,0,0,0,0,0,0,0,0,0,0
66,19500116,-0.37,22.047,6,440,12,8,4,7,8,5,660,5
66,19500232,-0.37,22.047,35,880,36,10,25,15,16,15,1320,10
66,19500348,-0.37,22.047,50,1321,22,37,39,15,17,18,1981,23
66,19500464,-0.37,22.047,30,1761,78,37,46,29,34,30,2641,28
66,19500580,-0.37,22.047,77,2202,53,23,54,28,29,31,3303,38
66,19500696,-0.37,22.047,70,2642,116,72,29,43,28,26,3963,28
66,19500812,-0.37,22.047,83,3083,78,83,30,42,55,52,4624,40
66,19500928,-0.37,22.047,63,3523,169,104,86,54,50,39,5284,62
66,19501044,-0.37,22.047,42,3964,89,60,105,70,77,66,5946,69
66,19501160,-0.37,22.047,192,4404,46,67,106,65,67,47,6606,53
67,19800000,0.75,5.152,0,0,0,0,0,0,0,0,0,0
67,19800116,0.75,5.152,18,386,12,10,9,6,7,6,579,4
67,19800232,0.75,5.152,8,773,19,21,18,10,12,15,1159,7
67,19800348,0.75,5.152,34,1160,47,29,27,23,15,22,1740,22
67,19800464,0.75,5.152,29,1547,51,26,19,29,22,29,2320,18
67,19800580,0.75,5.152,88,1934,27,51,49,32,36,32,2901,35
67,19800696,0.75,5.152,65,2321,54,30,58,38,25,44,3481,27
67,19800812,0.75,5.152,88,2707,92,51,44,41,34,37,4060,29
67,19800928,0.75,5.152,33,3094,86,60,64,39,55,35,4641,37
67,19801044,0.75,5.152,119,3481,47,85,63,35,61,48,5221,66
67,19801160,0.75,5.152,104,3868,152,77,99,66,64,66,5802,51
68,20100000,1.53,45.444,0,0,0,0,0,0,0,0,0,0
68,20100116,1.53,45.444,11,449,18,11,12,5,4,4,673,6
68,20100232,1.53,45.444,11,899,16,25,26,14,11,17,1348,15
68,20100348,1.53,45.444,55,1349,59,24,21,15,19,22,2023,18
68,20100464,1.53,45.444,81,1799,31,18,39,21,34,32,2698,32
68,20100580,1.53,45.444,112,2249,66,45,47,29,31,22,3373,26
68,20100696,1.53,45.444,81,2699,61,78,55,50,31,51,4048,51
68,20100812,1.53,45.444,46,3149,95,85,43,34,56,53,4723,58
68,20100928,1.53,45.444,122,3599,82,92,53,43,60,56,5398,36
68,20101044,1.53,45.444,179,4049,154,103,103,61,67,65,6073,64
68,20101160,1.53,45.444,79,4499,206,56,107,65,54,61,6748,76
69,20400000,0.82,0.923,0,0,0,0,0,0,0,0,0,0
69,20400116,0.82,0.923,21,429,11,10,6,8,4,6,643,4
69,20400232,0.82,0.923,29,859,13,16,22,14,14,9,1288,11
69,20400348,0.82,0.923,58,1289,15,17,20,17,22,15,1933,18
69,20400464,0.82,0.923,48,1719,18,30,26,27,26,26,2578,30
69,20400580,0.82,0.923,37,2149,82,50,56,26,27,31,3223,22
69,20400696,0.82,0.923,80,2578,106,29,60,34,32,46,3867,40
69,20400812,0.82,0.923,34,3008,123,57,61,40,54,48,4512,33
69,20400928,0.82,0.923,84,3438,57,87,68,42,41,50,5157,54
69,20401044,0.82,0.923,156,3868,91,46,66,39,53,63,5802,62
69,20401160,0.82,0.923,123,4298,197,112,111,51,53,51,6447,74
70,20700000,0.44,11.293,0,0,0,0,0,0,0,0,0,0
70,20700116,0.44,11.293,16,378,16,7,9,4,5,4,567,3
70,20700232,0.44,11.293,31,756,35,9,10,9,12,8,1134,13
70,20700348,0.44,11.293,52,1134,47,26,28,20,20,18,1701,11
70,20700464,0.44,11.293,67,1512,65,19,24,26,18,19,2268,18
70,20700580,0.44,11.293,90,1890,87,49,54,19,35,29,2835,35
70,20700696,0.44,11.293,95,2268,105,46,40,44,30,24,3402,42
70,20700812,0.44,11.293,126,2646,122,69,61,32,48,30,3969,36
70,20700928,0.44,11.293,123,3024,148,52,85,56,55,50,4536,36
70,20701044,0.44,11.293,140,3402,137,95,77,48,36,59,5103,66
70,20701160,0.44,11.293,170,3780,163,73,71,67,41,71,5670,38
71,21000000,1.98,20.507,0,0,0,0,0,0,0,0,0,0
71,21000116,1.98,20.507,16,414,6,11,20,20,6,6,621,6
71,21000232,1.98,20.507,13,828,10,15,35,38,16,12,1242,15
71,21000348,1.98,20.507,13,1242,23,35,51,59,12,21,1863,13
71,21000464,1.98,20.507,20,1656,56,25,68,72,27,30,2484,17
71,21000580,1.98,20.507,79,2070,93,48,94,86,21,34,3105,36
71,21000696,1.98,20.507,53,2484,69,51,112,112,40,40,3726,31
71,21000812,1.98,20.507,32,2898,83,68,130,117,53,44,4347,31
71,21000928,1.98,20.507,66,3312,93,65,133,158,41,58,4968,45
71,21001044,1.98,20.507,153,3726,82,68,171,170,48,66,5589,38
71,21001160,1.98,20.507,101,4140,109,64,188,205,65,72,6210,54
72,21300000,1.56,9.048,0,0,0,0,0,0,0,0,0,0
72,21300116,1.56,9.048,13,387,6,5,11,7,7,6,580,6
72,21300232,1.56,9.048,35,774,27,13,14,11,9,11,1161,11
72,21300348,1.56,9.048,21,1161,16,32,21,22,11,17,1741,19
72,21300464,1.56,9.048,33,1548,72,21,43,24,16,16,2322,29
72,21300580,1.56,9.048,68,1935,36,24,32,31,24,28,2902,21
72,21300696,1.56,9.048,102,2323,96,43,47,36,30,32,3484,34
72,21300812,1.56,9.048,72,2710,32,77,70,52,35,40,4065,31
72,21300928,1.56,9.048,130,3097,121,57,45,40,46,39,4645,46
72,21301044,1.56,9.048,71,3484,70,84,90,52,58,44,5226,66
72,21301160,1.56,9.048,63,3871,86,72,105,74,59,70,5806,47
73,21600000,1.26,46.412,0,0,0,0,0,0,0,0,0,0
73,21600116,1.26,46.412,13,399,7,10,5,6,4,4,598,5
73,21600232,1.26,46.412,11,799,24,23,15,12,14,14,1198,11
73,21600348,1.26,46.412,22,1198,12,30,23,19,16,17,1797,22
73,21600464,1.26,46.412,17,1598,49,16,39,17,25,22,2397,17
73,21600580,1.26,46.412,57,1997,68,24,20,22,39,21,2995,39
73,21600696,1.26,46.412,97,2397,105,67,58,39,25,34,3595,29
73,21600812,1.26,46.412,137,2796,98,62,58,52,53,34,4194,53
73,21600928,1.26,46.412,103,3196,122,46,84,45,58,43,4794,38
73,21601044,1.26,46.412,168,3595,80,79,59,58,58,65,5392,57
73,21601160,1.26,46.412,130,3995,185,87,113,55,76,48,5992,74
74,21900000,1.38,1.549,0,0,0,0,0,0,0,0,0,0
74,21900116,1.38,1.549,13,350,12,9,17,16,3,4,525,4
74,21900232,1.38,1.549,7,700,19,7,29,28,11,8,1050,10
74,21900348,1.38,1.549,15,1050,15,29,44,52,19,18,1575,20
74,21900464,1.38,1.549,67,1401,65,39,64,59,17,26,2101,19
74,21900580,1.38,1.549,17,1751,56,35,73,74,33,33,2626,29
74,21900696,1.38,1.549,88,2101,95,23,85,101,23,27,3151,24
74,21900812,1.38,1.549,55,2452,68,46,107,119,44,47,3678,38
74,21900928,1.38,1.549,66,2802,59,56,123,118,36,32,4203,35
74,21901044,1.38,1.549,77,3152,101,54,131,139,31,39,4728,31
74,21901160,1.38,1.549,42,3503,111,42,149,168,68,63,5254,46
75,22200000,-1.18,23.467,0,0,0,0,0,0,0,0,0,0
75,22200116,-1.18,23.467,14,359,14,4,9,6,6,6,538,3
75,22200232,-1.18,23.467,30,718,34,8,8,13,14,10,1077,9
75,22200348,-1.18,23.467,50,1077,51,29,13,19,20,12,1615,18
75,22200464,-1.18,23.467,62,1437,69,31,14,18,26,16,2155,27
75,22200580,-1.18,23.467,81,1796,75,48,25,29,19,19,2694,25
75,22200696,-1.18,23.467,89,2155,98,31,61,28,33,30,3232,26
75,22200812,-1.18,23.467,109,2514,103,48,55,33,40,38,3771,39
75,22200928,-1.18,23.467,121,2874,136,47,30,35,31,53,4311,31
75,22201044,-1.18,23.467,160,3233,142,85,81,48,55,44,4849,35
75,22201160,-1.18,23.467,178,3592,151,69,71,41,39,50,5388,53
76,22500000,-0.42,38.497,0,0,0,0,0,0,0,0,0,0
76,22500116,-0.42,38.497,5,373,9,7,6,3,5,6,559,5
76,22500232,-0.42,38.497,9,747,19,8,10,12,9,14,1120,9
76,22500348,-0.42,38.497,51,1121,34,23,31,11,11,13,1681,22
76,22500464,-0.42,38.497,57,1495,53,27,29,27,28,20,2242,20
76,22500580,-0.42,38.497,51,1868,90,51,33,33,21,28,2802,35
76,22500696,-0.42,38.497,60,2242,33,54,43,25,28,43,3363,31
76,22500812,-0.42,38.497,71,2616,84,51,40,33,39,35,3924,29
76,22500928,-0.42,38.497,40,2990,53,40,63,41,56,51,4485,50
76,22501044,-0.42,38.497,85,3364,68,66,55,61,45,34,5046,52
76,22501160,-0.42,38.497,69,3737,131,59,62,64,38,74,5605,39
77,22800000,-0.1,36.285,0,0,0,0,0,0,0,0,0,0
77,22800116,-0.1,36.285,16,425,8,7,18,19,6,6,637,8
77,22800232,-0.1,36.285,22,851,9,24,35,35,14,11,1276,12
77,22800348,-0.1,36.285,23,1277,51,34,62,51,16,14,1915,25
77,22800464,-0.1,36.285,45,1703,30,42,75,83,33,32,2554,33
77,22800580,-0.1,36.285,73,2129,23,46,96,88,31,29,3193,23
77,22800696,-0.1,36.285,31,2555,102,75,122,120,45,40,3832,44
77,22800812,-0.1,36.285,109,2981,71,57,135,123,31,40,4471,52
77,22800928,-0.1,36.285,121,3407,37,97,168,143,37,34,5110,37
77,22801044,-0.1,36.285,106,3833,47,81,183,187,69,71,5749,52
77,22801160,-0.1,36.285,206,4259,91,67,174,179,72,57,6388,51
78,23100000,0.08,28.586,0,0,0,0,0,0,0,0,0,0
78,23100116,0.08,28.586,10,436,16,5,7,5,7,6,654,6
78,23100232,0.08,28.586,41,873,30,10,10,11,13,15,1309,11
78,23100348,0.08,28.586,17,1310,34,15,24,19,22,23,1965,23
78,23100464,0.08,28.586,71,1747,22,30,24,31,19,20,2620,23
78,23100580,0.08,28.586,55,2184,56,32,26,31,30,26,3276,22
78,23100696,0.08,28.586,128,2621,96,32,38,27,31,45,3931,47
78,23100812,0.08,28.586,69,3058,92,78,52,33,60,47,4587,41
78,23100928,0.08,28.586,151,3495,99,103,60,49,61,46,5242,39
78,23101044,0.08,28.586,185,3931,162,111,78,39,68,62,5896,67
78,23101160,0.08,28.586,82,4368,114,79,117,53,61,46,6552,70
79,23400000,-1.07,40.716,0,0,0,0,0,0,0,0,0,0
79,23400116,-1.07,40.716,14,353,14,6,4,5,6,3,529,4
79,23400232,-1.07,40.716,28,706,32,15,19,11,10,9,1059,11
79,23400348,-1.07,40.716,42,1060,48,14,12,13,10,12,1590,17
79,23400464,-1.07,40.716,65,1413,59,18,24,27,23,16,2119,14
79,23400580,-1.07,40.716,77,1766,72,38,29,31,30,28,2649,21
79,23400696,-1.07,40.716,87,2120,98,53,53,23,31,34,3180,34
79,23400812,-1.07,40.716,101,2473,99,46,55,43,33,49,3709,45
79,23400928,-1.07,40.716,139,2826,123,62,45,45,42,42,4239,56
79,23401044,-1.07,40.716,151,3180,157,32,81,45,61,52,4770,62
79,23401160,-1.07,40.716,162,3533,158,93,49,67,66,50,5299,36
80,23700000,-1.13,6.255,0,0,0,0,0,0,0,0,0,0
80,23700116,-1.13,6.255,17,385,13,4,5,5,5,5,577,4
80,23700232,-1.13,6.255,31,770,19,11,19,9,9,10,1155,11
80,23700348,-1.13,6.255,19,1155,57,23,19,13,17,20,1732,22
80,23700464,-1.13,6.255,59,1540,35,29,26,24,30,19,2310,20
80,23700580,-1.13,6.255,45,1925,25,29,56,24,19,25,2887,22
80,23700696,-1.13,6.255,75,2310,68,64,63,31,41,31,3465,43
80,23700812,-1.13,6.255,36,2695,100,32,43,46,31,33,4042,52
80,23700928,-1.13,6.255,64,3080,52,50,80,57,39,57,4620,42
80,23701044,-1.13,6.255,35,3465,123,65,101,50,37,59,5197,45
80,23701160,-1.13,6.255,52,3850,82,42,85,49,62,65,5775,42
81,24000000,-1.41,17.077,0,0,0,0,0,0,0,0,0,0
81,24000116,-1.41,17.077,17,406,9,4,7,5,6,4,609,5
81,24000232,-1.41,17.077,40,812,27,19,21,9,11,8,1218,14
81,24000348,-1.41,17.077,16,1218,25,35,35,18,21,19,1827,23
81,24000464,-1.41,17.077,64,1624,72,26,28,22,17,24,2436,31
81,24000580,-1.41,17.077,76,2031,73,30,39,23,36,30,3046,28
81,24000696,-1.41,17.077,24,2437,26,70,61,48,39,39,3655,43
81,24000812,-1.41,17.077,79,2843,84,62,47,42,54,35,4264,32
81,24000928,-1.41,17.077,96,3249,105,61,41,62,35,63,4873,53
81,24001044,-1.41,17.077,77,3656,78,40,77,55,39,70,5484,46
81,24001160,-1.41,17.077,154,4062,105,101,112,58,75,40,6093,56
82,24300000,-0.59,37.197,0,0,0,0,0,0,0,0,0,0
82,24300116,-0.59,37.197,19,430,20,4,10,4,8,6,645,8
82,24300232,-0.59,37.197,35,861,35,9,19,15,13,11,1291,12
82,24300348,-0.59,37.197,63,1292,61,19,22,23,20,23,1938,19
82,24300464,-0.59,37.197,79,1723,82,44,44,29,26,33,2584,32
82,24300580,-0.59,37.197,101,2154,103,22,46,35,30,35,3231,32
82,24300696,-0.59,37.197,122,2585,104,63,27,40,31,34,3877,46
82,24300812,-0.59,37.197,132,3016,144,75,88,39,34,54,4524,30
82,24300928,-0.59,37.197,142,3447,163,60,94,68,40,59,5170,37
82,24301044,-0.59,37.197,174,3878,155,75,72,69,43,57,5817,50
82,24301160,-0.59,37.197,202,4308,188,129,102,51,54,54,6462,81
83,24600000,-0.27,11.661,0,0,0,0,0,0,0,0,0,0
83,24600116,-0.27,11.661,5,392,17,9,10,5,6,5,588,5
83,24600232,-0.27,11.661,39,785,16,19,13,11,10,8,1177,8
83,24600348,-0.27,11.661,33,1177,48,23,20,20,16,16,1765,13
83,24600464,-0.27,11.661,63,1570,60,21,31,28,30,26,2355,18
83,24600580,-0.27,11.661,29,1962,60,45,22,31,25,37,2943,37
83,24600696,-0.27,11.661,68,2355,54,70,48,35,34,24,3532,37
83,24600812,-0.27,11.661,126,2747,98,58,36,29,42,42,4120,34
83,24600928,-0.27,11.661,105,3140,71,77,45,50,58,55,4710,40
83,24601044,-0.27,11.661,50,3532,149,104,48,43,45,47,5298,58
83,24601160,-0.27,11.661,63,3925,135,73,72,69,43,55,5887,46
84,24900000,0.23,23.45,0,0,0,0,0,0,0,0,0,0
84,24900116,0.23,23.45,11,443,14,9,10,5,8,39,664,5
84,24900232,0.23,23.45,22,886,39,23,15,10,11,79,1329,15
84,24900348,0.23,23.45,26,1330,20,39,18,14,13,121,1995,24
84,24900464,0.23,23.45,22,1773,77,23,22,31,18,160,2659,26
84,24900580,0.23,23.45,81,2217,92,36,40,34,26,221,3325,30
84,24900696,0.23,23.45,49,2660,33,56,42,41,29,249,3990,49
84,24900812,0.23,23.45,113,3104,69,58,75,56,46,276,4656,48
84,24900928,0.23,23.45,83,3547,61,79,84,47,49,335,5320,60
84,24901044,0.23,23.45,73,3990,111,76,106,69,67,342,5985,61
84,24901160,0.23,23.45,45,4434,112,120,46,48,62,412,6651,54
85,25200000,1.34,10.585,0,0,0,0,0,0,0,0,0,0
85,25200116,1.34,10.585,16,442,16,8,6,4,4,5,663,5
85,25200232,1.34,10.585,22,884,34,24,25,16,13,8,1326,15
85,25200348,1.34,10.585,47,1326,49,30,29,13,21,21,1989,21
85,25200464,1.34,10.585,34,1769,60,34,37,35,17,18,2653,22
85,25200580,1.34,10.585,35,2211,90,57,31,33,29,40,3316,41
85,25200696,1.34,10.585,115,2653,57,65,49,34,37,31,3979,26
85,25200812,1.34,10.585,132,3095,32,75,43,46,49,41,4642,43
85,25200928,1.34,10.585,157,3538,58,80,80,46,51,62,5307,62
85,25201044,1.34,10.585,179,3980,111,55,68,54,40,66,5970,41
85,25201160,1.34,10.585,172,4422,114,129,77,87,88,86,6633,85
86,25500000,-0.08,20.021,0,0,0,0,0,0,0,0,0,0
86,25500116,-0.08,20.021,20,438,7,12,8,6,5,7,657,7
86,25500232,-0.08,20.021,11,876,42,21,22,15,15,15,1314,11
86,25500348,-0.08,20.021,40,1314,54,20,28,13,22,18,1971,26
86,25500464,-0.08,20.021,30,1753,84,21,43,31,33,21,2629,19
86,25500580,-0.08,20.021,72,2191,72,34,41,27,43,39,3286,43
86,25500696,-0.08,20.021,101,2629,71,31,42,41,29,48,3943,45
86,25500812,-0.08,20.021,100,3067,109,72,56,37,40,55,4600,48
86,25500928,-0.08,20.021,152,3506,38,63,43,53,42,68,5259,60
86,25501044,-0.08,20.021,142,3944,63,45,74,55,71,61,5916,40
86,25501160,-0.08,20.021,218,4382,67,93,126,66,44,47,6573,61
87,25800000,1.24,47.41,0,0,0,0,0,0,0,0,0,0
87,25800116,1.24,47.41,16,361,8,9,17,16,4,5,541,5
87,25800232,1.24,47.41,7,723,17,13,31,33,14,10,1084,12
87,25800348,1.24,47.41,34,1084,30,31,43,51,10,20,1626,13
87,25800464,1.24,47.41,40,1446,22,28,61,65,19,15,2169,26
87,25800580,1.24,47.41,72,1807,41,43,88,76,23,25,2710,34
87,25800696,1.24,47.41,24,2169,80,58,87,107,35,38,3253,35
87,25800812,1.24,47.41,82,2530,43,75,111,107,41,31,3795,42
87,25800928,1.24,47.41,61,2892,103,74,143,133,36,30,4338,46
87,25801044,1.24,47.41,59,3253,53,68,152,162,60,50,4879,64
87,25801160,1.24,47.41,36,3615,69,73,147,160,55,38,5422,69
88,26100000,0.86,26.889,0,0,0,0,0,0,0,0,0,0
88,26100116,0.86,26.889,10,415,6,6,5,6,4,6,622,8
88,26100232,0.86,26.889,22,830,21,10,18,15,16,10,1245,12
88,26100348,0.86,26.889,33,1246,29,15,25,18,22,18,1869,22
88,26100464,0.86,26.889,65,1661,80,28,43,28,25,17,2491,28
88,26100580,0.86,26.889,64,2077,89,56,26,24,22,27,3115,39
88,26100696,0.86,26.889,92,2492,72,65,39,39,27,36,3738,29
88,26100812,0.86,26.889,115,2908,62,65,33,52,42,52,4362,51
88,26100928,0.86,26.889,78,3323,127,87,61,38,61,43,4984,61
88,26101044,0.86,26.889,88,3739,88,110,73,46,37,60,5608,45
88,26101160,0.86,26.889,151,4154,160,44,121,47,78,64,6231,42
89,26400000,-0.38,4.075,0,0,0,0,0,0,0,0,0,0
89,26400116,-0.38,4.075,5,440,16,6,10,6,7,8,660,6
89,26400232,-0.38,4.075,33,880,40,20,23,10,9,12,1320,15
89,26400348,-0.38,4.075,49,1320,51,35,22,25,21,26,1980,26
89,26400464,-0.38,4.075,36,1761,51,24,41,33,29,28,2641,23
89,26400580,-0.38,4.075,105,2201,84,43,61,27,34,28,3301,38
89,26400696,-0.38,4.075,125,2641,60,48,50,30,48,29,3961,42
89,26400812,-0.38,4.075,55,3082,60,83,88,33,60,44,4623,54
89,26400928,-0.38,4.075,126,3522,78,71,92,36,68,53,5283,57
89,26401044,-0.38,4.075,187,3962,80,52,87,75,69,43,5943,51
89,26401160,-0.38,4.075,128,4403,77,87,126,68,76,59,6604,57
90,26700000,1.97,28.623,0,0,0,0,0,0,0,0,0,0
90,26700116,1.97,28.623,13,407,10,11,8,6,4,7,610,4
90,26700232,1.97,28.623,17,815,11,17,17,13,8,9,1222,10
90,26700348,1.97,28.623,46,1223,19,19,25,23,20,13,1834,18
90,26700464,1.97,28.623,38,1630,36,25,43,29,19,32,2445,30
90,26700580,1.97,28.623,37,2038,32,30,36,36,25,40,3057,28
90,26700696,1.97,28.623,107,2446,47,48,32,43,28,35,3669,43
90,26700812,1.97,28.623,107,2853,34,73,79,39,52,41,4279,44
90,26700928,1.97,28.623,161,3261,123,41,79,36,50,59,4891,33
90,26701044,1.97,28.623,136,3669,103,97,92,48,45,44,5503,64
90,26701160,1.97,28.623,167,4077,135,59,76,56,43,44,6115,74
91,27000000,-0.14,33.522,0,0,0,0,0,0,0,0,0,0
91,27000116,-0.14,33.522,13,382,6,8,5,6,5,37,573,5
91,27000232,-0.14,33.522,11,765,10,7,10,9,11,65,1147,10
91,27000348,-0.14,33.522,12,1148,36,14,20,14,22,104,1722,17
91,27000464,-0.14,33.522,17,1531,42,31,31,16,29,149,2296,16
91,27000580,-0.14,33.522,40,1913,90,21,43,31,35,171,2869,37
91,27000696,-0.14,33.522,92,2296,96,60,28,36,35,227,3444,26
91,27000812,-0.14,33.522,43,2679,78,69,47,37,51,242,4018,32
91,27000928,-0.14,33.522,51,3062,108,56,70,40,50,286,4593,56
91,27001044,-0.14,33.522,57,3444,69,57,90,67,62,333,5166,68
91,27001160,-0.14,33.522,105,3827,156,94,107,61,42,348,5740,75
92,27300000,1.86,43.789,0,0,0,0,0,0,0,0,0,0
92,27300116,1.86,43.789,9,433,10,11,9,5,4,8,649,5
92,27300232,1.86,43.789,36,867,37,8,23,11,17,10,1300,9
92,27300348,1.86,43.789,35,1301,46,28,38,13,13,14,1951,18
92,27300464,1.86,43.789,80,1735,45,50,20,21,21,20,2602,21
92,27300580,1.86,43.789,84,2169,103,51,31,22,26,22,3253,30
92,27300696,1.86,43.789,54,2602,119,77,66,39,38,36,3903,42
92,27300812,1.86,43.789,150,3036,82,89,55,34,37,43,4554,53
92,27300928,1.86,43.789,95,3470,54,43,61,36,58,50,5205,43
92,27301044,1.86,43.789,118,3904,125,78,89,73,51,39,5856,40
92,27301160,1.86,43.789,108,4338,66,109,58,64,43,62,6507,69
93,27600000,1.97,40.278,0,0,0,0,0,0,0,0,0,0
93,27600116,1.97,40.278,16,413,4,10,9,4,7,39,619,5
93,27600232,1.97,40.278,18,827,25,20,12,10,9,82,1240,15
93,27600348,1.97,40.278,21,1241,33,35,21,20,18,122,1861,24
93,27600464,1.97,40.278,75,1655,30,41,26,19,21,158,2482,25
93,27600580,1.97,40.278,98,2068,66,57,29,22,25,203,3102,40
93,27600696,1.97,40.278,29,2482,46,29,61,45,30,231,3723,29
93,27600812,1.97,40.278,137,2896,74,74,71,32,51,272,4344,52
93,27600928,1.97,40.278,95,3310,82,80,43,63,38,296,4965,35
93,27601044,1.97,40.278,138,3723,88,95,98,37,40,317,5584,65
93,27601160,1.97,40.278,156,4137,105,95,115,43,71,412,6205,44
94,27900000,0.24,27.57,0,0,0,0,0,0,0,0,0,0
94,27900116,0.24,27.57,5,430,12,12,7,7,5,37,645,5
94,27900232,0.24,27.57,41,861,42,24,13,16,15,82,1291,9
94,27900348,0.24,27.57,60,1291,43,38,18,15,19,118,1936,24
94,27900464,0.24,27.57,85,1722,68,33,37,24,18,147,2583,23
94,27900580,0.24,27.57,56,2153,30,25,57,22,39,189,3229,25
94,27900696,0.24,27.57,60,2583,82,74,71,37,51,245,3874,41
94,27900812,0.24,27.57,111,3014,125,50,45,51,59,294,4521,37
94,27900928,0.24,27.57,77,3444,156,45,75,38,43,337,5166,45
94,27901044,0.24,27.57,83,3875,110,56,42,60,65,351,5812,63
94,27901160,0.24,27.57,103,4306,125,90,62,82,83,396,6459,83
95,28200000,-0.39,3.618,0,0,0,0,0,0,0,0,0,0
95,28200116,-0.39,3.618,8,435,5,9,18,17,8,7,652,8
95,28200232,-0.39,3.618,38,871,15,14,38,39,10,12,1306,15
95,28200348,-0.39,3.618,18,1307,48,26,60,54,14,24,1960,15
95,28200464,-0.39,3.618,44,1743,36,37,83,69,18,26,2614,34
95,28200580,-0.39,3.618,63,2178,87,25,98,103,41,22,3267,26
95,28200696,-0.39,3.618,95,2614,77,62,108,129,50,36,3921,39
95,28200812,-0.39,3.618,117,3050,79,91,140,128,54,38,4575,39
95,28200928,-0.39,3.618,60,3486,72,82,174,155,55,50,5229,53
95,28201044,-0.39,3.618,92,3921,68,116,158,158,69,76,5881,44
95,28201160,-0.39,3.618,196,4357,154,53,215,185,75,67,6535,72
96,28500000,-0.97,43.463,0,0,0,0,0,0,0,0,0,0
96,28500116,-0.97,43.463,13,430,9,4,10,6,7,7,645,7
96,28500232,-0.97,43.463,31,861,9,18,25,16,10,8,1291,14
96,28500348,-0.97,43.463,29,1292,58,36,30,15,19,22,1938,25
96,28500464,-0.97,43.463,31,1723,58,27,27,27,22,21,2584,27
96,28500580,-0.97,43.463,47,2154,76,40,42,26,41,33,3231,29
96,28500696,-0.97,43.463,107,2585,113,71,76,33,44,46,3877,41
96,28500812,-0.97,43.463,129,3016,65,32,59,31,47,35,4524,56
96,28500928,-0.97,43.463,153,3447,162,97,99,50,39,55,5170,47
96,28501044,-0.97,43.463,59,3878,176,76,85,67,57,57,5817,59
96,28501160,-0.97,43.463,157,4309,85,128,116,46,66,80,6463,52
97,28800000,0.91,29.763,0,0,0,0,0,0,0,0,0,0
97,28800116,0.91,29.763,12,404,5,11,5,4,4,4,606,7
97,28800232,0.91,29.763,13,809,29,20,11,8,13,15,1213,12
97,28800348,0.91,29.763,17,1213,22,18,32,21,16,21,1819,13
97,28800464,0.91,29.763,16,1618,51,22,32,28,31,23,2427,18
97,28800580,0.91,29.763,75,2023,49,39,58,39,33,40,3034,23
97,28800696,0.91,29.763,117,2427,99,62,39,27,35,27,3640,36
97,28800812,0.91,29.763,62,2832,38,46,36,42,35,32,4248,33
97,28800928,0.91,29.763,111,3237,133,52,88,39,51,49,4855,52
97,28801044,0.91,29.763,118,3641,88,67,107,61,36,65,5461,39
97,28801160,0.91,29.763,165,4046,177,96,81,42,52,70,6069,61
98,29100000,-1.29,49.595,0,0,0,0,0,0,0,0,0,0
98,29100116,-1.29,49.595,17,368,10,4,3,3,7,3,552,6
98,29100232,-1.29,49.595,35,736,30,21,20,8,9,8,1104,11
98,29100348,-1.29,49.595,24,1105,28,22,18,20,11,14,1657,21
98,29100464,-1.29,49.595,66,1473,53,31,41,14,19,15,2209,24
98,29100580,-1.29,49.595,31,1842,49,26,54,33,19,21,2763,24
98,29100696,-1.29,49.595,100,2210,79,42,58,36,37,32,3315,22
98,29100812,-1.29,49.595,26,2579,93,58,32,46,31,30,3868,43
98,29100928,-1.29,49.595,135,2947,107,84,38,45,56,52,4420,31
98,29101044,-1.29,49.595,52,3316,54,92,35,53,65,65,4974,64
98,29101160,-1.29,49.595,81,3684,121,47,98,55,66,68,5526,50
99,29400000,-0.36,43.385,0,0,0,0,0,0,0,0,0,0
99,29400116,-0.36,43.385,15,373,15,6,6,4,5,6,559,6
99,29400232,-0.36,43.385,29,746,33,9,18,7,12,7,1119,11
99,29400348,-0.36,43.385,47,1119,45,11,18,19,15,20,1678,18
99,29400464,-0.36,43.385,66,1492,68,39,44,21,15,16,2238,21
99,29400580,-0.36,43.385,84,1865,87,27,37,24,18,35,2797,26
99,29400696,-0.36,43.385,104,2238,103,41,61,42,26,34,3357,33
99,29400812,-0.36,43.385,113,2611,109,41,52,49,41,48,3916,45
99,29400928,-0.36,43.385,144,2984,128,75,59,33,37,43,4476,48
99,29401044,-0.36,43.385,165,3357,154,49,79,38,33,63,5035,58
99,29401160,-0.36,43.385,154,3731,168,38,99,54,56,42,5596,49
100,29700000,-0.38,18.789,0,0,0,0,0,0,0,0,0,0
100,29700116,-0.38,18.789,9,377,15,10,8,5,6,4,565,7
100,29700232,-0.38,18.789,33,754,32,19,9,10,11,10,1131,7
100,29700348,-0.38,18.789,49,1131,50,24,32,11,17,16,1696,20
100,29700464,-0.38,18.789,53,1508,73,31,38,26,24,25,2262,20
100,29700580,-0.38,18.789,46,1885,20,56,37,33,19,29,2827,23
100,29700696,-0.38,18.789,54,2262,63,24,23,35,36,44,3393,23
100,29700812,-0.38,18.789,106,2639,113,31,53,43,39,30,3958,34
100,29700928,-0.38,18.789,78,3016,58,62,61,31,30,33,4524,35
100,29701044,-0.38,18.789,43,3393,76,99,35,37,44,40,5089,58
100,29701160,-0.38,18.789,172,3770,142,88,83,45,70,55,5655,51
